{"type": "newpinvis_reluctantwhistleravioli_probs_v1", "desc": [["real", "The actual distribution in the real world, according to HIBP."], ["top1", "Always the most popular PIN."], ["top3", "The three most popular PIN."], ["top10", "The Top-10 of real-life PINs."], ["uni", "Uniformly across *all* possible PINs."], ["invreal", "Inversely probable to the real distribution."]], "corrs": {"real": {"real": 0.008871794760663684, "top1": 0.09009541925705979, "top3": 0.07253064968644281, "top10": 0.060936633811986704, "uni": 0.0001, "invreal": 5.6626675915046626e-05}, "top1": {"real": 0.09009541925705979, "top1": 1.0, "top3": 0.7695604931286502, "top10": 0.6398973438286737, "uni": 0.0001, "invreal": 6.285189234036382e-08}, "top3": {"real": 0.07253064968644281, "top1": 0.7695604931286502, "top3": 0.6195289727259531, "top10": 0.5151446151562913, "uni": 0.0001, "invreal": 1.451049997905576e-07}, "top10": {"real": 0.060936633811986704, "top1": 0.6398973438286737, "top3": 0.5151446151562913, "top10": 0.43279880863749215, "uni": 0.0001, "invreal": 4.021875896320457e-07}, "uni": {"real": 0.0001, "top1": 0.0001, "top3": 0.0001, "top10": 0.0001, "uni": 0.0001, "invreal": 9.999999999999999e-05}, "invreal": {"real": 5.6626675915046626e-05, "top1": 6.285189234036382e-08, "top3": 1.451049997905576e-07, "top10": 4.021875896320457e-07, "uni": 9.999999999999999e-05, "invreal": 0.00011666000920555423}}}